topic,language,title,url,content
Chính sách thương mại toàn cầu,vn,Thương mại toàn cầu chống chịu trước những thay đổi chính sách và rủi ro địa-kinh tế,https://phaata.com/thi-truong-logistics/thuong-mai-toan-cau-chong-chiu-truoc-nhung-thay-doi-chinh-sach-va-rui-ro-dia-kinh-te-61636.html,"Tăng trưởng thương mại trong nửa đầu năm 2025 đã ghi nhận mức tăng trưởng tích cực, bất chấp sự gia tăng bất ổn về chính sách thương mại, căng thẳng địa chính trị đang diễn ra và một môi trường kinh tế toàn cầu đầy thách thức.
Đó là theo Báo cáo Cập nhật Thương mại Toàn cầu mới nhất của Hội nghị Liên Hợp Quốc về Thương mại và Phát triển (Unctad), báo cáo rằng các xu hướng thương mại toàn cầu đã tiếp tục quỹ đạo đi lên dần dần bắt đầu từ nửa cuối năm 2023."
Chính sách thương mại toàn cầu,vn,Chính sách thương mại Việt Nam trước thách thức thuế quan mới từ Hoa Kỳ,https://vneconomy.vn/chinh-sach-thuong-mai-viet-nam-truoc-thach-thuc-thue-quan-moi-tu-hoa-ky.htm,"Việc Tổng thống Donald Trump đề cập đến khả năng áp thuế cao đối với hàng hóa Việt Nam, thậm chí lên tới 46% để đáp trả mức thuế mà Việt Nam bị cho là áp với hàng Mỹ, đã tạo ra những lo ngại nhất định. Việt Nam đã và đang phản ứng ra sao trước tình hình này, thưa ông?
Ngay trong những tháng đầu của nhiệm kỳ Tổng thống mới, ông Donald Trump đã có những tuyên bố cứng rắn về chính sách thương mại, và Việt Nam cũng được nhắc đến. Trước tình hình đó, Việt Nam đã vào cuộc một cách rất kịp thời và chủ động. Từ các nhà lãnh đạo đất nước, tinh thần nhất quán được thể hiện là Việt Nam luôn có sự tôn trọng và cầu thị trong ngoại giao kinh tế, đặc biệt là trong mối quan hệ Đối tác Chiến lược Toàn diện với Hoa Kỳ."
Chính sách thương mại toàn cầu,vn,So sánh chính sách thương mại: Thu hẹp cơ hội tăng trưởng toàn cầu,https://vietworldnow.com/opinion/20250730-so-sanh-chinh-sach-thuong-mai-thu-hep-co-hoi-tang-truong-toan-cau/,"Thị trường thương mại toàn cầu đang chứng kiến một sự chuyển đổi lớn khi hai chính sách đối lập định hướng tăng trưởng kinh tế. Trong khi một số quốc gia giảm rào cản để thúc đẩy tự do thương mại, các quốc gia khác tiếp tục áp đặt những hạn chế nghiêm ngặt, định hình một môi trường năng động cho kinh doanh quốc tế.
Vào ngày 30 tháng 7 năm 2025, Bộ Chính trị Ủy ban Trung ương Đảng Cộng sản Trung Quốc đã tổ chức một cuộc họp quan trọng. Các nhà lãnh đạo đã nhấn mạnh nhu cầu mở rộng mở cửa cấp cao, ổn định những nền tảng của thương mại và đầu tư nước ngoài, tối ưu hóa các chính sách hoàn thuế xuất khẩu, và phát triển các nền tảng mở chất lượng cao như khu thí điểm thương mại tự do."
Chính sách thương mại toàn cầu,vn,Căng thẳng thuế quan toàn cầu: Tác động và 3 kịch bản tương lai,https://dantri.com.vn/the-gioi/cang-thang-thue-quan-toan-cau-tac-dong-va-3-kich-ban-tuong-lai-20250425152114748.htm,"Tiếp theo việc áp thuế đối với một số quốc gia đối tác kinh tế - thương mại hàng đầu của Mỹ từ ngay sau ngày nhậm chức, thuế đối ứng cao kỷ lục do Tổng thống Trump đưa ra ngày 2/4 vừa qua với hơn 180 đối tác kinh tế của Mỹ trên toàn thế giới và các biện pháp trả đũa từ các đối tác chủ chốt khiến cuộc chiến thương mại quốc tế leo thang chưa có hồi kết và đang làm thay đổi trật tự kinh tế toàn cầu tồn tại suốt 80 năm qua."
Chính sách thương mại toàn cầu,vn,Ứng phó với những thay đổi chính sách thương mại từ các quốc gia,https://media.chinhphu.vn/ung-pho-voi-nhung-thay-doi-chinh-sach-thuong-mai-tu-cac-quoc-gia-102250313154956262.htm,"Các doanh nghiệp Việt Nam tiếp tục đa dạng hóa thị trường xuất khẩu sang các nước thông qua các FTA thế hệ mới như thị trường Trung Đông, Châu Phi, ngoài việc khai phá, mở rộng thị trường Hoa Kỳ. Thứ hai, khẩn trương xây dựng lộ trình, cụ thể để Việt Nam bảo vệ các lợi ích thương mại trước các biện pháp thuế tiềm năng từ chính quyền Donald Trump, qua dự báo sau khi áp thuế với Canada, Mexico và sắp tới là các nước EU… các nước có thặng dư thương mại lớn với Hoa Kỳ, trong đó có Việt Nam. Đồng thời, tăng cường hợp tác chiến lược với Hoa Kỳ, nhằm đảm bảo sự bền vững trong quan hệ song phương giữ hai nước từ công nghiệp, thương mại, đầu tư năng lượng, trí tuệ nhân tạo. Thứ ba, cơ quan nhà nước phối hợp với các ngành hàng làm việc với các nhà nhập khẩu hàng hóa, các nhà xuất khẩu Hoa Kỳ tại Việt Nam nhằm xây dựng liên minh ủng hộ việc mở rộng thương mại với Việt Nam qua đó giảm thiểu rủi ro thay đổi những chính sách của chính quyền Donald Trump."
Chính sách thương mại toàn cầu,vn,"Toạ đàm: ""Chính sách thương mại mới của Hoa Kỳ tác động đến ngành hàng xuất khẩu chính của Việt Nam; dòng chảy thương mại và giải pháp""",https://moit.gov.vn/tin-tuc/toa-dam-chinh-sach-thuong-mai-moi-cua-hoa-ky-tac-dong-den-nganh-hang-xuat-khau-chinh-cua-viet-nam-dong-chay-thuong-mai-v.html,"Chính sách thương mại mới của Hoa Kỳ đang tạo ra những tác động sâu rộng đến thương mại toàn cầu nói chung và các ngành hàng xuất khẩu chính của Việt Nam nói riêng. Việc Hoa Kỳ áp các mức thuế thuế đối ứng cao và siết chặt quy định về xuất xứ hàng hóa đã làm chi phí thương mại tăng cao, gây áp lực lớn lên các ngành hàng xuất khẩu chủ lực của Việt Nam như dệt may, da giày, gỗ, điện tử, thép – nhôm và nông sản…. Những quy định nghiêm ngặt về xuất xứ khiến các doanh nghiệp phải đầu tư nhiều hơn vào minh bạch hóa chuỗi cung ứng, truy xuất nguồn gốc và tiêu chuẩn kỹ thuật."
Chính sách thương mại toàn cầu,vn,Tháo gỡ rào cản thương mại toàn cầu,https://nhandan.vn/thao-go-rao-can-thuong-mai-toan-cau-post919102.html,"Việc hàng loạt nước đạt được thỏa thuận thương mại với Mỹ góp phần làm giảm nguy cơ căng thẳng thương mại toàn cầu. Cùng với nỗ lực cải cách WTO đang thúc đẩy, thương mại được kỳ vọng tiếp tục là động lực tăng trưởng kinh tế toàn cầu.
Hệ thống thương mại quốc tế thời gian qua gặp những thách thức lớn khi ở trạng thái mất cân bằng và xuất hiện các yếu tố bất ổn khó lường, như các chính sách thuế quan đơn phương làm gián đoạn chuỗi cung ứng và hoạt động đầu tư toàn cầu. Trong năm nay, WTO nhiều lần điều chỉnh dự báo tăng trưởng thương mại và kinh tế, điều rất hiếm khi xảy ra, do những bất ổn khó lường."
Chính sách thương mại toàn cầu,vn,IMF cảnh báo cú sốc toàn cầu từ chính sách thương mại mới của Mỹ,https://kinhtedothi.vn/imf-canh-bao-cu-soc-toan-cau-tu-chinh-sach-thuong-mai-moi-cua-my.682664.html,"Nguyên nhân chính được xác định là do các chính sách thuế quan quy mô lớn do Mỹ triển khai gần đây đã gây ra những tác động lan tỏa mạnh mẽ lên nền kinh tế toàn cầu.
Theo IMF, loạt biện pháp tăng thuế của Mỹ đối với hàng hóa nhập khẩu, đặc biệt từ Trung Quốc, châu Âu và các nước châu Á, đã đẩy mức thuế hiệu dụng, tức mức thuế trung bình thực tế áp lên toàn bộ hàng nhập khẩu, lên cao hơn cả giai đoạn đầu thế kỷ 20. Đây được đánh giá là một trong những thay đổi sâu rộng nhất về chính sách thương mại mà nền kinh tế lớn nhất thế giới từng thực hiện trong nhiều thập kỷ qua.
IMF dự báo tốc độ tăng trưởng của Mỹ sẽ giảm xuống còn 1,8% trong năm 2025, thấp hơn đáng kể so với mức 2,8% của năm trước và thấp hơn gần 1 điểm phần trăm so với dự báo đưa ra vào tháng 1. Ngoài ra, rủi ro suy thoái kinh tế của Mỹ cũng được IMF nâng lên 40%, so với mức 25% được dự báo vào tháng 10 năm ngoái."
Chính sách thương mại toàn cầu,vn,Thương mại toàn cầu và những rào cản,https://cand.com.vn/Kinh-te-Van-hoa-The-Thao/thuong-mai-toan-cau-va-nhung-rao-can-i762084/,"Năm 2025 được cho là điểm then chốt định hình môi trường thương mại quốc tế. Đặc biệt, xu hướng nội địa hóa chuỗi cung ứng công nghệ cao, mở rộng cơ sở năng lượng tái tạo, đẩy mạnh đầu tư vào các ngành công nghiệp tương lai như trí tuệ nhân tạo (AI) và công nghệ sinh học sẽ tạo ra những thay đổi sâu rộng trong chính sách thương mại của các cường quốc. Những biến động này sẽ tác động mạnh mẽ đến hệ thống thương mại toàn cầu, đòi hỏi các quốc gia phải có chiến lược ứng phó linh hoạt."
Chính sách thương mại toàn cầu,vn,Chiến lược thương mại của chính quyền Trump: Tác động và hệ lụy toàn cầu,https://thoibaotaichinhvietnam.vn/chien-luoc-thuong-mai-cua-chinh-quyen-trump-tac-dong-va-he-luy-toan-cau-169978.html,"Hiện tại, chưa có tín hiệu rõ ràng từ chính quyền Trump về các chính sách cụ thể đối với Việt Nam. Tuy nhiên, trong tương lai, có thể xuất hiện những biện pháp nhằm cân bằng lại thương mại song phương, không chỉ trong chiều hướng từ Việt Nam sang Hoa Kỳ mà cả chiều ngược lại. Ông Kelly nhấn mạnh rằng, chính quyền Trump đã nhận thấy rõ xu hướng các doanh nghiệp Trung Quốc xuất khẩu hàng hóa qua Việt Nam để vào thị trường Hoa Kỳ. Điều này có thể dẫn đến các động thái chính sách nhằm kiểm soát chặt chẽ hơn hoạt động thương mại giữa hai nước.
Ngoài ra, sự dịch chuyển của các nhà máy và dòng vốn đầu tư nước ngoài vào Việt Nam là một thực tế rõ ràng. Tuy nhiên, Hoa Kỳ có thể không muốn điều này diễn ra một cách tự do, mà thay vào đó sẽ hướng tới việc thiết lập một mối quan hệ thương mại thực chất với Việt Nam, thay vì chỉ coi Việt Nam như một trạm trung chuyển hàng hóa từ Trung Quốc. Xu hướng tương tự cũng có thể xảy ra với Ấn Độ, khi các nước tìm cách điều chỉnh chính sách thương mại để bảo vệ lợi ích quốc gia."
global trade policy,en,Global Trade Update (September 2025): Trade policy uncertainty looms over global markets,https://unctad.org/publication/global-trade-update-september-2025-trade-policy-uncertainty-looms-over-global-markets,"Trade policy uncertainty has become a major source of global instability. Sudden shifts in tariffs, subsidies or restrictions fuel volatility.
Policy changes in one country can send shockwaves across the globe, disrupting suppliers, manufacturers and markets. The United States’ recent policy shifts illustrate this. As the world’s largest importer, even modest changes reshape supply chains and alter global trade flows."
global trade policy,en,Measuring Global Trade Policy Activity,https://www.imf.org/en/Publications/WP/Issues/2025/10/27/Measuring-Global-Trade-Policy-Activity-571332,"This paper introduces the Trade Policy Activity (TPA) Index, a novel indicator measuring evolving global trade policy dynamics since the Global Financial Crisis. Using a Dynamic Factor Model on comprehensive trade policy data covering 197 countries and territories, we document a structural shift around 2019 with a substantial expansion in the use of trade policies. The TPA Index also identifies cyclical episodes of heightened activity and reveals interconnections between different types of measures. We are also able to identify systematic differences in trade policy deployment among groups of economies. Additionally, we employ MIDAS (Mixed Data Sampling) regressions with high-frequency data to develop nowcasting capabilities for trade policy activity, enabling real-time identification of potential policy shifts. These results contribute to the trade policy measurement literature and offer a tool for monitoring global trade policy developments in real time."
global trade policy,en,Global Trade Policy: Challenges and Opportunities,https://www.chathamhouse.org/about-us/our-departments/global-economy-and-finance-programme/global-trade-policy-challenges,"The international trade environment has changed drastically in recent years. Traditional trade links are fraying in light of the strategic competition between the US and China, the UK’s departure from the EU and ongoing supply chain disruptions.
At the same time, new regional and sectoral trade agreements create opportunities to harness the twin transitions to green and digital economies. In a contested world, trade policy can play an important role for international cooperation and supporting domestic policies around equity and inclusion."
global trade policy,en,Global Trade Outlook 2025: Industry Insights,https://iccwbo.org/wp-content/uploads/sites/3/2025/02/2025-ICC-Global-Trade-Outlook-2025-Industry-Insights.pdf,"Global trade is, in many ways, at a crossroads. As governments respond to economic and geopolitical
pressures, trade policies are evolving in ways that, while intended to address national concerns, are
putting unprecedented pressure on businesses. Since the 2007-2008 financial crisis, there has been a
steady increase in trade-restricting measures – such as tariffs, non-tariff measures, export controls
and investment restrictions – contributing to growing trade fragmentation. In 2024 alone, over 3,000
trade restrictions were implemented globally. While the challenges to the multilateral trading system
are not new, they are intensifying, with a significant risk of further erosion. "
global trade policy,en,Four things to watch in global trade policy in 2025,https://www.hinrichfoundation.com/research/article/trade-policy/four-things-to-watch-in-global-trade-policy-in-2025,"Trade policy in 2025 will not only shape the immediate economic landscape but also redefine the fundamental rules of international commerce for years to come. Expect a resurgence of the US-China trade war, a potential breakthrough in the WTO’s dispute settlement reform, new developments in China’s CPTPP bid, and the continued rise of plurilateral trade agreements."
国际贸易政策,cn,国际贸易政策,https://baike.baidu.com/item/%E5%9B%BD%E9%99%85%E8%B4%B8%E6%98%93%E6%94%BF%E7%AD%96/7884920,国际贸易政策是各国为实现保护国内市场、扩大出口规模、促进产业升级等目标而制定的系统性对外经贸准则，包含对外贸易总政策、进出口商品政策和国别贸易政策三个层次。自由贸易政策主张取消进出口限制以优化全球资源配置，保护贸易政策侧重通过关税和非关税措施维护本国产业，管理贸易政策则强调通过国际协定协调贸易关系。政策工具涵盖关税（进口税、出口税等）和非关税措施（配额、许可证等），发展中国家常因国际分工地位实施适度保护 [1]。全球贸易政策呈现产业结构多元化、贸易保护强化与跨国公司主导市场等发展趋势。
国际贸易政策,cn,国务院办公厅关于进一步加强贸易政策合规工作的意见,https://www.gov.cn/zhengce/content/202503/content_7014874.htm,各省、自治区、直辖市人民政府，国务院各部委、各直属机构:加强贸易政策合规工作是稳步扩大制度型开放的重要手段，是建设更高水平开放型经济新体制的重要内容。为贯彻落实党的二十届三中全会关于建立同国际通行规则衔接的合规机制的决策部署，经国务院同意，现就进一步加强贸易政策合规工作提出以下意见。
国际贸易政策,cn,2025年11月全球贸易政策新规盘点｜各国关税调整、出口管制与港航新政全汇总,https://www.cnabke.com/blogs/a-roundup-of-global-trade-policy-changes-in-november-2025-a-comprehensive-summary-of-tariff-adjustments-export-controls-and-new-port-and-shipping-policies.html,本文全面盘点2025年11月起全球主要国家与地区的最新贸易与港航政策变化，涵盖美国、欧盟、中国、日本、印度等在关税调整、出口管制、进口禁令、港口及海运新规等方面的最新措施。聚焦即将落地的法规动态，为外贸企业与跨境从业者提供前瞻参考与合规指引。
国际贸易政策,cn,2025年2月外贸新规解读：全球贸易政策再调整,https://www.testcoo.com/blog/import-export-news-feb-2025,2025年2月，国内外多项外贸政策密集生效，涵盖关税调整、出口管制、贸易便利化及国际市场规则变动等领域。这些新规对进出口企业、跨境电商及国际物流均产生深远影响。以下为关键政策梳理与分析
国际贸易政策,cn,商务部发布绿色贸易新规，中国外贸突围新赛道,https://www.21jingji.com/article/20251106/herald/c6e823f7ddba5064ede43fe109ab9622.html,"在全球绿色低碳转型浪潮下，绿色贸易正成为国际经贸竞争的新焦点。近日，商务部发布《关于拓展绿色贸易的实施意见》（以下简称《意见》），围绕产品碳足迹、碳定价、绿证绿电等关键环节提出具体举措，建立健全绿色贸易支撑保障体系。
多位业内人士向21世纪经济报道记者表示，这一政策的出台，不仅为中国外贸企业应对国际绿色壁垒提供了制度保障，也为推动产业链向绿色低碳升级注入新动力。面对国际绿色贸易新规，建议外贸企业变被动应对为主动布局，加强低碳技术投入与供应链协同，将绿色合规压力转化为国际市场新优势。"
chiến lược marketing quốc tế,vn,"Marketing quốc tế: Định nghĩa, Ví dụ và chiến lược thực tế",https://genz.edu.vn/marketing-quoc-te-la-gi/,"Marketing Quốc tế hiện là một lựa chọn khả thi cho các doanh nghiệp, nhờ những tiến bộ trong internet, vận chuyển và dòng chảy tài chính quốc tế. Theo Tổ chức Thương mại Thế giới, khối lượng thương mại hàng hóa quốc tế đã tăng 33 lần từ năm 1951 đến năm 2010 ."
chiến lược marketing quốc tế,vn,Tìm hiểu chiến lược marketing quốc tế của các hãng nổi tiếng,https://www.stringeex.com/vi/blog/post/chien-luoc-marketing-quoc-te,"Chiến lược marketing quốc tế là tổng hợp các quyết định marketing của doanh nghiệp trong một thời gian và không gian nhất định để sử dụng tối ưu nhất các nguồn lực, nhằm đạt được mục tiêu đề ra trên thị trường quốc tế.
Chiến lược marketing cho thị trường quốc tế không chỉ đơn thuần là việc mở rộng quy mô kinh doanh của doanh nghiệp sang các thị trường khác; mà còn bao gồm việc tùy chỉnh sản phẩm, giá cả, phân phối, hoạt động xúc tiến sao cho phù hợp với sự đa dạng văn hóa của các thị trường khác nhau."
chiến lược marketing quốc tế,vn,Các chiến lược Marketing quốc tế: Chìa khóa cho thành công,https://accgroup.vn/cac-chien-luoc-marketing-quoc-te,"Trong bối cảnh toàn cầu hóa ngày càng gia tăng, việc áp dụng các chiến lược marketing quốc tế là chìa khóa quan trọng mở cánh cửa cho sự thành công của các doanh nghiệp trên khắp thế giới. Đối mặt với thách thức của thị trường quốc nội đã sát nhập, các doanh nghiệp không thể phủ nhận tầm quan trọng của việc mở rộng hoạt động tiếp thị của mình vào quy mô quốc tế. Chính vì vậy, việc nắm vững và triển khai các chiến lược marketing quốc tế là yếu tố quyết định đưa doanh nghiệp tiến xa trên hành trình của mình."
chiến lược marketing quốc tế,vn,Marketing quốc tế là gì? Những định hướng của Marketing quốc tế mà bạn nên biết,https://vinuni.edu.vn/vi/marketing-quoc-te-la-gi-nhung-dinh-huong-cua-marketing-quoc-te-ma-ban-nen-biet/,"Hiện nay, chúng ta có thể thấy rõ bối cảnh thị trường toàn cầu ngày càng có nhiều biến động. Do đó, việc nâng cao vị thế của doanh nghiệp và đưa doanh nghiệp phát triển đa dạng tại các thị trường khác nhau là điều mà nhiều nhà kinh doanh luôn muốn hướng tới. Để hiện thực hóa điều này, các doanh nghiệp cần chuẩn bị cho mình một chiến lược Marketing quốc tếphù hợp và hiệu quả"
chiến lược marketing quốc tế,vn,Phân tích vai trò của chiến lược marketing sản phẩm quốc tế trong thời kỳ hội nhập quốc tế tại Việt Nam,https://ojs.tapchicongthuong.vn/vi/ojs-post/phan-tich-vai-tro-cua-chien-luoc-marketing-san-pham-quoc-te-trong-thoi-ky-hoi-nhap-quoc-te-tai-viet-nam-73243.htm,"Việt Nam đang hội nhập sâu rộng vào khu vực và quốc tế với việc trở thành thành viên của Cộng đồng kinh tế Asean (AEC) và ký kết, thực thi, đang đàm phán các hiệp định thương mại tự do, đây là một cơ hội tốt giúp các doanh nghiệp Việt Nam vươn ra thế giới cũng như đối mặt với các thách thức từ cơ hội này. Do vậy, một chiến lược marketing quốc tế khôn ngoan, hiệu quả sẽ là bài toán hết sức quan trọng mà mỗi doanh nghiệp cần nghiên cứu hết sức kỹ. Vì vậy, bài báo phân tích tầm quan trọng của chiến lược marketing sản phẩm trong việc hội nhập quốc tế của các doanh nghiệp quốc tế nói chung và Việt Nam nói riêng."
global marketing strategy,en,International Marketing Strategy: A Roadmap to Global Success,https://camphouse.io/blog/international-marketing-strategy,"Expanding your business globally requires a clear international marketing strategy to connect with diverse markets and achieve lasting success. Each market comes with its unique cultural nuances, language differences, and regulatory landscapes that can complicate growth. With the right approach, you can overcome these challenges, connect authentically with local audiences, and build a strong global presence. This article provides practical guidance and fresh insights to help you develop an effective international marketing strategy, setting your business up for global success."
global marketing strategy,en,"Global marketing: Strategies, benefits, and examples",https://www.gelato.com/blog/global-marketing,"In today's interconnected world, enterprises are transcending geographical boundaries to tap into global markets. This evolution in the business landscape has sprouted a compelling domain—global marketing. No matter where you stand in your business journey, understanding the dynamics of global marketing can be a game-changer.
In this article, we will unravel the concept of global marketing, its benefits, and the strategies that have catapulted businesses to international success. So, get ready to dive deep into this fascinating topic as we explore the potential of taking your business across borders."
global marketing strategy,en,The Ultimate Guide to Global Marketing Strategy,https://viseven.com/7-core-components-of-successful-global-marketing-strategy/,"The big challenge for many companies today, including those in pharma, is deciding whether to go global and how to get the strategy right. Despite the push toward globalization, we do not live in a “flat world” where cultural, administrative, economic, and geographic differences disappear. Rather than treating the world as one big market, businesses must find ways to adapt to the consumer’s unique preferences and needs in different regions. "
global marketing strategy,en,The Definitive Guide to Global Marketing Strategy,https://www.wrike.com/blog/global-marketing-strategy-guide/,"Key takeaways:
What is a global marketing strategy? It's a comprehensive plan to expand a business internationally, incorporating localized marketing plans and the 4 Ps (Product, Pricing, Promotions, and Place).
Why is market research crucial? It helps understand cultural behaviors and channels in potential markets, ensuring tailored marketing strategies that avoid costly mistakes.
How should your marketing team be structured? Assemble a team with experience in target regions, considering local freelancers or agencies for effective execution.
What are the key benefits of a global marketing strategy? Increased brand awareness, improved product quality, competitive advantage, and lower marketing costs.
What are the challenges of a global marketing strategy? Compliance issues, market adaptation, and language barriers can complicate international marketing efforts."
global marketing strategy,en,What Are Global Marketing Strategies?,https://timespro.com/blog/what-are-global-marketing-strategies,"Businesses aiming to expand their reach beyond local markets must embrace global marketing strategies. These strategies are essential for companies looking to effectively tap into new international markets. Understanding and implementing global marketing strategies allows businesses to connect with diverse audiences, adapting their products and marketing messages to meet consumers' varied preferences and cultural nuances worldwide. 
This blog explores the expansive world of global marketing, offering insights into its definition, benefits, and the critical steps required for successful execution."
全球营销策略,cn,什么是全球营销？ 定义和策略,https://cn.smartling.com/blog/global-marketing,"吸引全球受众似乎是一个巨大的飞跃，但只要采用正确的全球营销策略，这个目标比以往任何时候都更容易实现。
可口可乐和百事可乐等品牌通过跨境提供一致的产品、信息和品牌，掌握了全球营销的艺术。 无论您是在巴黎还是在圣保罗品尝可口可乐，体验都是一样的。"
全球营销策略,cn,国际营销：2025 年顶级国际营销策略,https://share.foresightnews.pro/article/detail/83249,这是新的一年的开始，您的项目将在全球范围内实现跨越式发展。虽然拓展国际市场对于您的成长来说是令人兴奋的，但制定新的全球营销策略可能很复杂，而且容易出现代价高昂的错误，导致许多品牌采取谨慎行事的策略。制定经过充分研究和深思熟虑的国际营销策略对于您的业务路线图至关重要。
全球营销策略,cn,如何制定成功的全球营销战略,https://www.weglot.com/zh/guides/global-marketing-strategy,"地理边界已不再像过去那样令人望而生畏。在当今高度互联的世界里，地域界限几乎不复存在。得益于更加宽松的贸易法规，现在无论您身在何处，都可以比以往任何时候都更容易地扩大业务规模，实现全球扩张。
这并不是说这是一项不费吹灰之力的工作；如果你的目标是吸引全球受众，你就不能简单地依赖国内营销策略，而只是做一些调整。您必须通过研究各自的当地语言、人口和文化，为每个目标制定具体的营销计划。这些都将为您提供在这些地区展示和部署产品或服务的最佳方式。"
全球营销策略,cn,8 种有效的全球营销进入策略助力业务扩展,https://www.linguana.io/zh/blog/global-marketing-entry-strategies,在当今互联互通的世界里，企业不断寻求拓展海外市场的方法。然而，进入国外市场需要仔细规划和战略决策。在本文中，我们探讨了 8 种有效的全球营销进入策略，这些策略可以帮助企业驾驭国际市场并实现可持续增长。
全球营销策略,cn,企业出海时如何制定全球营销策略？,https://www.fxiaoke.com/crm/information-51564.html,企业在出海时制定全球营销策略的关键在于：一、进行深入的市场调研与分析；二、实施产品本地化策略；三、选择合适的渠道模式；四、采用多样化的营销传播手段。综合考虑以上因素，企业可以制定出科学、全面且灵活的全球营销策略，为成功进入海外市场奠定坚实基础。
thị trường ngoại hối,vn,Thị trường ngoại hối là gì? Lợi ích và rủi ro khi giao dịch ngoại hối,https://www.msb.com.vn/vi/w/ngoai-hoi-la-gi,"Ngoại hối là thuật ngữ không còn xa lạ với những nhà đầu tư tài chính. Nó được dùng để chỉ toàn bộ những phương thức thanh toán được sử dụng trên phạm vi toàn cầu. Nhưng với những người mới bắt đầu tìm hiểu thì thuật ngữ này còn khá xa lạ. Bài viết dưới đây, MSB sẽ giúp bạn hiểu ngoại hối là gì? Thị trường ngoại hối là gì? Có nên giao dịch ngoại hối hay không…"
thị trường ngoại hối,vn,Ngoại hối là gì? Tìm hiểu tất tần tật về thị trường ngoại hối,https://www.vpbank.com.vn/bi-kip-va-chia-se/corporate-story-and-tips/corporate-sat-category/ngoai-hoi-la-gi,"Giải thích ngoại hối là gì? Tìm hiểu về thị trường ngoại hối, các đặc điểm, cơ hội và rủi ro khi thực hiện giao dịch để đưa ra quyết định đầu tư thông minh."
thị trường ngoại hối,vn,Ngoại hối là gì? Cách phân biệt ngoại hối và ngoại tệ,https://techcombank.com/thong-tin/blog/ngoai-hoi-la-gi,"Ngoại hối là một thuật ngữ thường xuyên xuất hiện trong lĩnh vực tài chính, đặc biệt là trong giao dịch quốc tế. Tuy nhiên, nhiều người vẫn chưa thực sự phân biệt được ngoại hối với ngoại tệ. Để giúp bạn có cái nhìn rõ ràng hơn, bài viết này sẽ giải thích ngoại hối là gì, cách phân biệt giữa ngoại hối và ngoại tệ, và các thông tin hữu ích về thị trường ngoại hối."
thị trường ngoại hối,vn,Tìm hiểu thị trường giao dịch ngoại tệ và cách thức hoạt động,https://acb.com.vn/thu-vien/tim-hieu-thi-truong-giao-dich-ngoai-te-va-cach-thuc-hoat-dong,Thị trường giao dịch ngoại tệ là nơi giao dịch tiền tệ giữa các quốc gia khác nhau. Ngoại hối được xem là thị trường lớn và phát triển nhất trong các thị trường tài chính toàn cầu với hàng nghìn tỷ USD được giao dịch hàng ngày.
thị trường ngoại hối,vn,5 phút tìm hiểu tổng quan về thị trường ngoại hối mà bạn nên biết,https://www.pos365.vn/thi-truong-ngoai-hoi-7709.html,Ngoại hối hay Foreign exchange được hiểu là thị trường tài chính nơi các ngoại tệ của các quốc gia trên thế giới được tạo và trao đổi với nhau. Hay nói một cách dễ hiểu hơn thì ngoại hối là tài sản và quyền tài sản đã trải qua định giá và được chuyển thành tiền tệ quốc tế để một nước có thể được chấp nhận sử dụng thanh toán.
foreign exchange market,en,"Forex Market Explained: History, Mechanics, Pros & Cons",https://www.investopedia.com/terms/forex/f/foreign-exchange-markets.asp,"The foreign exchange market is the largest financial market in the world, operating 24 hours a day across a global network of financial centers, making it highly liquid and accessible for international trade and investments.
Forex markets are comprised of a diverse array of participants, including banks, commercial companies, central banks, hedge funds, and individual investors, each engaging in buying, selling, exchanging, and speculating on currency pairs.
Leverage is a unique feature of the forex market, allowing traders to magnify their exposure to currency movements, which can increase potential profits but also pose significant risk due to potentially high losses.
Forex markets operate with minimal oversight compared to other financial markets, offering both opportunities and risks to traders and investors due to lack of regulation and high volatility.
The history of the foreign exchange market traces back to ancient trade, evolving through significant events like the gold standard and the Bretton Woods system, ultimately leading to today's free-floating currency system."
foreign exchange market,en,The foreign exchange market model,https://www.khanacademy.org/economics-finance-domain/ap-macroeconomics/ap-macro-resources-and-exam-preparation/every-graph-used-in-ap-macroeconomics/a/the-foreign-exchange-market-model,Exchange rates are determined by the interaction of people who want to trade in their currency (the supply of a currency) with other people who want to obtain that currency (the demand for a currency). The foreign exchange model is a variation on a market model.
foreign exchange market,en,What is a foreign exchange market?,https://cb.is/knowledge-bank/educational-material/article/what-is-a-foreign-exchange-market,A foreign exchange market is an international platform where currencies are bought and sold. The role of foreign exchange markets is to facilitate and manage the exchange of foreign currency between those who want to buy and to sell currency. The exchange rate of individual currencies is determined by trading in the foreign exchange market.
foreign exchange market,en,Foreign Exchange Market,https://www.sciencedirect.com/topics/economics-econometrics-and-finance/foreign-exchange-market,"The foreign exchange market, or forex market, is defined as the market where currencies are traded, making it the largest financial market globally, with trillions of dollars exchanged daily. It operates as an over-the-counter market without a central marketplace, allowing for the simultaneous buying and selling of currency pairs, with trading occurring 24 hours a day, five days a week."
foreign exchange market,en,"Foreign exchange market (Forex, FX, or currency market)",https://www.ebsco.com/research-starters/business-and-management/foreign-exchange-market-forex-fx-or-currency-market,"The foreign exchange market, commonly known as Forex, FX, or the currency market, is a global decentralized platform for trading national currencies. It is recognized as the largest and most liquid financial market in the world, with daily trading volumes reaching approximately $5 trillion as of 2019. The market facilitates the exchange of currencies necessary for international trade, allowing businesses to transact across borders by converting their money into the required currency. Major participants include central banks, financial institutions, and multinational corporations, with individual traders accounting for a smaller portion of the activity."
外汇市场,cn,外汇市场,https://zh.wikipedia.org/wiki/%E5%A4%96%E6%B1%87%E5%B8%82%E5%9C%BA,外汇市场（英语：Foreign exchange market，简称：Forex、FX或currency market）是一个分散于全球各地用于交易货币的金融市场。除星期六、星期天和交易中心所在国家的重大节日外，世界各地的金融中心按所处位置轮流运转，使外汇市场能24小时不间断的买卖各种货币。按交易契约种类，有即期、掉期、也有远期合约等市场存在。外汇市场决定不同货币之间的汇率
外汇市场,cn,外汇市场,https://baike.baidu.com/item/%E5%A4%96%E6%B1%87%E5%B8%82%E5%9C%BA/2614,外汇市场是指在国际间从事外汇买卖，调剂外汇供求的交易场所。它的职能是经营货币商品，即不同国家的货币。由于各国货币制度不同，国际贸易、投资等活动产生的支付需求需通过货币兑换实现：本国货币需兑换外币用于海外支付，境外收入的外币也需兑换为本国货币流通
外汇市场,cn,个人外汇买卖常识—— 外汇知识篇,https://www.boc.cn/custserv/cs7/cs75/200808/t20080814_1278.html,通常指以外国货币表示的可用于国际结算的各种支付手段。包括：外国货币、外币存款、外币有价证券(政府公债、国库券、公司债券、股票等)、外币支付凭证(票据、银行存款凭证、邮政储蓄凭证等)。外汇是国际汇兑的简称。
外汇市场,cn,外汇新手入门教程,https://m.icbc.com.cn/icbc/%E7%83%AD%E7%82%B9%E7%AD%94%E7%96%91/%E6%8A%95%E8%B5%84%E7%90%86%E8%B4%A2/%E5%A4%96%E6%B1%87%E6%96%B0%E6%89%8B%E5%85%A5%E9%97%A8%E6%95%99%E7%A8%8B.htm,"一、认识外汇市场
　　（一）外汇汇率定义
　　外汇汇率是一国货币对外国货币的兑换率，取决于两国相互间的国际收支状况，或两国货币的购买力，在实际经验上，外汇汇率决定于两国间的长期经济因素，也是投资人预期的表现。
　　（二）外汇市场
　　外汇市场从广义上讲泛指外汇交易场所，包括个人外汇买卖场所，外币期货交易所等；从狭义上讲是指以外汇专业银行，外汇经纪商，中央银行等为交易主体，通过电话、电传、交易机等现代化通讯手段实现交易的交易市场；外汇市场既是一个有形的市场也是一个无形的市场，有形是指外汇交易市场有自己的地理位置，比如东京外汇市场、纽约外汇市场等；而无形则是表明市场并没有一个具体的范围，个人、机构、银行之间发生货币转化也可以无形中形成外汇市场。
　　国际上主要的外汇市场有：悉尼、东京、新加坡、香港、法兰克福、苏黎世、伦敦、纽约，由于以上各个城市地跨多个时区，工作时间基本上为当地时间的早9点到下午4点，因此基本上可以将一天24小时覆盖。"
外汇市场,cn,三个视角看外汇市场五年新变化,http://www.news.cn/fortune/20251104/21b83015997f4b579980c09acf8ee4a2/c.html,"创历史同期新高——国家外汇管理局10月22日公布的前三季度跨境收支规模数据引发市场广泛关注。
作为反映涉外经济活跃度的重要指标，中国跨境收支在“十四五”时期活力不断增强。2024年，中国跨境收支规模达到14万亿美元，较2020年增长64%，“十四五”时期年均增长速度比“十三五”时期提高8个百分点。今年前三季度，中国跨境收支总规模达11.6万亿美元，同比增长10.5%，跨境贸易和投融资活动持续活跃。从跨境收支到外汇市场交易，从服务外贸发展到助力企业“走出去”，“十四五”时期中国外汇市场都有哪些新变化？从三个视角来看——"